-- ============================================================
-- DATOS DE PRUEBA - Sistema de Gestión de Parqueo
-- ============================================================

USE parqueo_db;

-- ============================================================
-- CLIENTES (abonados y frecuentes)
-- ============================================================
INSERT INTO clientes (nombre, cedula, telefono, email, placa, tipo_membresia, fecha_inicio, fecha_vencimiento) VALUES
('Carlos Mendoza',   '1712345678', '0991234567', 'carlos@email.com',   'ABC-1234', 'mensual',  '2026-01-01', '2026-08-01'),
('María García',     '1723456789', '0982345678', 'maria@email.com',    'DEF-5678', 'anual',    '2026-01-15', '2027-01-15'),
('Juan Pérez',       '1734567890', '0973456789', 'juan@email.com',     'GHI-9012', 'mensual',  '2026-03-01', '2026-09-01'),
('Ana López',        '1745678901', '0964567890', 'ana@email.com',      'JKL-3456', 'ninguna',  NULL, NULL),
('Roberto Sánchez',  '1756789012', '0955678901', 'roberto@email.com',  'MNO-7890', 'mensual',  '2026-02-10', '2026-08-10'),
('Laura Torres',     '1767890123', '0946789012', 'laura@email.com',    'PQR-1234', 'ninguna',  NULL, NULL),
('Diego Ramírez',    '1778901234', '0937890123', 'diego@email.com',    'STU-5678', 'anual',    '2026-06-01', '2027-06-01'),
('Sofía Vargas',     '1789012345', '0928901234', 'sofia@email.com',    'VWX-9012', 'mensual',  '2026-04-01', '2026-10-01'),
('Pedro Castillo',   '1790123456', '0919012345', 'pedro@email.com',    'YZA-3456', 'ninguna',  NULL, NULL),
('Carmen Ruiz',      '1801234567', '0900123456', 'carmen@email.com',   'BCD-7890', 'mensual',  '2026-05-01', '2026-11-01'),
('Luis Herrera',     '1812345678', '0891234567', 'luis@email.com',     'EFG-1234', 'ninguna',  NULL, NULL),
('Valentina Cruz',   '1823456789', '0882345678', 'valentina@email.com', 'HIJ-5678', 'anual',    '2026-02-15', '2027-02-15'),
('Andrés Morales',   '1834567890', '0873456789', 'andres@email.com',   'KLM-9012', 'mensual',  '2026-06-01', '2026-12-01'),
('Isabella Díaz',    '1845678901', '0864567890', 'isabella@email.com', 'NOP-3456', 'ninguna',  NULL, NULL),
('Fernando Gómez',   '1856789012', '0855678901', 'fernando@email.com', 'QRS-7890', 'mensual',  '2026-03-15', '2026-09-15'),
('Daniela Romero',   '1867890123', '0846789012', 'daniela@email.com',  'TUV-1234', 'ninguna',  NULL, NULL),
('Miguel Ángel Silva','1878901234','0837890123', 'miguel@email.com',   'WXY-5678', 'mensual',  '2026-04-15', '2026-10-15'),
('Paula Navarro',    '1889012345', '0828901234', 'paula@email.com',    'ZAB-9012', 'anual',    '2026-01-01', '2027-01-01'),
('Ricardo Peña',     '1890123456', '0819012345', 'ricardo@email.com',  'CDE-3456', 'ninguna',  NULL, NULL);

-- ============================================================
-- VEHÍCULOS
-- ============================================================
INSERT INTO vehiculos (placa, tipo, color, marca, modelo, anio, cliente_id) VALUES
('ABC-1234', 'auto',  'Rojo',     'Toyota',     'Corolla',        2021, 1),
('DEF-5678', 'auto',  'Blanco',   'Mazda',      'CX-5',           2022, 2),
('GHI-9012', 'auto',  'Negro',    'Hyundai',    'Tucson',         2020, 3),
('JKL-3456', 'auto',  'Azul',     'Chevrolet',  'Sail',           2019, 4),
('MNO-7890', 'moto',  'Rojo',     'Yamaha',     'MT-07',         2023, 5),
('PQR-1234', 'auto',  'Gris',     'Kia',        'Sportage',       2022, 6),
('STU-5678', 'auto',  'Blanco',   'Nissan',     'Frontier',       2020, 7),
('VWX-9012', 'auto',  'Verde',    'Suzuki',     'Swift',          2021, 8),
('YZA-3456', 'moto',  'Negro',    'Honda',      'CB190R',         2022, 9),
('BCD-7890', 'auto',  'Plata',    'Volkswagen',  'Taos',          2023, 10),
('EFG-1234', 'auto',  'Azul',     'Toyota',     'Hilux',          2021, 11),
('HIJ-5678', 'moto',  'Blanco',   'Yamaha',     'NMax',           2022, 12),
('KLM-9012', 'auto',  'Rojo',     'Mazda',      'Mazda3',         2020, 13),
('NOP-3456', 'auto',  'Negro',    'Hyundai',    'Santa Fe',       2021, 14),
('QRS-7890', 'auto',  'Plata',    'Chevrolet',  'Tracker',        2022, 15),
('TUV-1234', 'moto',  'Azul',     'Honda',      'XRE300',         2020, 16),
('WXY-5678', 'auto',  'Blanco',   'Kia',        'Rio',            2021, 17),
('ZAB-9012', 'auto',  'Gris',     'Nissan',     'Versa',          2023, 18),
('CDE-3456', 'auto',  'Verde',    'Suzuki',     'Vitara',         2020, 19),
('LMN-0001', 'auto',  'Rojo',     'Toyota',     'Yaris',          2022, NULL),
('LMN-0002', 'auto',  'Azul',     'Mazda',      'CX-30',          2023, NULL),
('LMN-0003', 'moto',  'Negro',    'Honda',      'CB500X',         2021, NULL),
('LMN-0004', 'auto',  'Blanco',   'Hyundai',    'Elantra',        2020, NULL),
('LMN-0005', 'VIP',   'Negro',    'Mercedes',   'Clase E',        2024, NULL),
('LMN-0006', 'auto',  'Plata',    'BMW',        '320i',           2023, NULL),
('XYZ-7777', 'auto',  'Rojo',     'Ford',       'Ranger',         2021, NULL),
('XYZ-8888', 'moto',  'Verde',    'Suzuki',     'V-Strom',        2022, NULL),
('XYZ-9999', 'auto',  'Azul',     'Toyota',     'RAV4',           2023, NULL);

-- ============================================================
-- TICKETS (historial de entradas y salidas)
-- ============================================================
-- Tickets CERRADOS (ya salieron) - últimos 7 días
INSERT INTO tickets (codigo, placa, tipo_vehiculo, espacio_id, usuario_entrada_id, usuario_salida_id, hora_entrada, hora_salida, tiempo_minutos, tarifa_aplicada, monto_cobrar, descuento, estado, observaciones) VALUES
-- Hoy
('TK-20260720-001', 'ABC-1234', 'auto',  1,  2, 2, '2026-07-20 07:15:00', '2026-07-20 09:30:00', 135, 1.00, 2.00,  0.00, 'cerrado', NULL),
('TK-20260720-002', 'DEF-5678', 'auto',  3,  2, 2, '2026-07-20 08:00:00', '2026-07-20 10:45:00', 165, 1.00, 3.00,  0.00, 'cerrado', NULL),
('TK-20260720-003', 'MNO-7890', 'moto', 22, 2, 2, '2026-07-20 08:30:00', '2026-07-20 11:00:00', 150, 0.50, 1.00,  0.00, 'cerrado', NULL),
('TK-20260720-004', 'GHI-9012', 'auto',  5,  3, 3, '2026-07-20 09:00:00', '2026-07-20 13:20:00', 260, 1.00, 5.00,  0.00, 'cerrado', NULL),
('TK-20260720-005', 'JKL-3456', 'auto',  7,  2, 2, '2026-07-20 10:15:00', '2026-07-20 12:00:00', 105, 1.00, 1.00,  0.00, 'cerrado', 'Cliente frecuente'),
('TK-20260720-006', 'PQR-1234', 'auto', 10,  3, 3, '2026-07-20 11:30:00', '2026-07-20 14:45:00', 195, 1.00, 4.00,  0.00, 'cerrado', NULL),
('TK-20260720-007', 'YZA-3456', 'moto', 25,  2, 2, '2026-07-20 12:00:00', '2026-07-20 13:30:00',  90, 0.50, 0.50,  0.00, 'cerrado', NULL),
('TK-20260720-008', 'STU-5678', 'auto', 12,  3, 3, '2026-07-20 13:00:00', '2026-07-20 17:30:00', 270, 1.00, 5.00,  0.00, 'cerrado', NULL),
('TK-20260720-009', 'EFG-1234', 'auto', 15,  2, 2, '2026-07-20 14:00:00', '2026-07-20 16:15:00', 135, 1.00, 2.00,  0.00, 'cerrado', NULL),
('TK-20260720-010', 'KLM-9012', 'auto', 18,  3, 3, '2026-07-20 15:30:00', '2026-07-20 19:00:00', 210, 1.00, 4.00,  0.00, 'cerrado', NULL),

-- Ayer
('TK-20260719-001', 'ABC-1234', 'auto',  2,  2, 2, '2026-07-19 06:45:00', '2026-07-19 08:30:00', 105, 1.00, 1.00,  0.00, 'cerrado', NULL),
('TK-20260719-002', 'NOP-3456', 'auto',  4,  3, 3, '2026-07-19 07:30:00', '2026-07-19 12:00:00', 270, 1.00, 5.00,  0.00, 'cerrado', NULL),
('TK-20260719-003', 'QRS-7890', 'auto',  8,  2, 2, '2026-07-19 09:00:00', '2026-07-19 10:00:00',  60, 1.00, 1.00,  0.00, 'cerrado', 'Tiempo de gracia'),
('TK-20260719-004', 'HIJ-5678', 'moto', 23,  3, 3, '2026-07-19 10:15:00', '2026-07-19 14:30:00', 255, 0.50, 2.00,  0.00, 'cerrado', NULL),
('TK-20260719-005', 'VWX-9012', 'auto', 11,  2, 2, '2026-07-19 11:00:00', '2026-07-19 15:45:00', 285, 1.00, 5.00,  0.00, 'cerrado', NULL),
('TK-20260719-006', 'BCD-7890', 'auto', 14,  3, 3, '2026-07-19 13:00:00', '2026-07-19 16:00:00', 180, 1.00, 3.00,  0.00, 'cerrado', NULL),
('TK-20260719-007', 'WXY-5678', 'auto', 17,  2, 2, '2026-07-19 14:30:00', '2026-07-19 18:00:00', 210, 1.00, 4.00,  0.00, 'cerrado', NULL),
('TK-20260719-008', 'LMN-0001', 'auto', 19,  3, 3, '2026-07-19 15:00:00', '2026-07-19 20:00:00', 300, 1.00, 6.00,  0.00, 'cerrado', NULL),

-- Hace 2 días
('TK-20260718-001', 'DEF-5678', 'auto',  6,  2, 2, '2026-07-18 07:00:00', '2026-07-18 09:15:00', 135, 1.00, 2.00,  0.00, 'cerrado', NULL),
('TK-20260718-002', 'LMN-0003', 'moto', 24,  3, 3, '2026-07-18 08:30:00', '2026-07-18 11:00:00', 150, 0.50, 1.00,  0.00, 'cerrado', NULL),
('TK-20260718-003', 'LMN-0004', 'auto',  9,  2, 2, '2026-07-18 10:00:00', '2026-07-18 18:00:00', 480, 1.00, 8.00,  0.00, 'cerrado', 'Día completo'),
('TK-20260718-004', 'LMN-0005', 'VIP',  50,  3, 3, '2026-07-18 09:30:00', '2026-07-18 17:30:00', 480, 2.00, 16.00, 0.00, 'cerrado', 'Espacio VIP'),
('TK-20260718-005', 'ZAB-9012', 'auto', 20,  2, 2, '2026-07-18 12:00:00', '2026-07-18 15:30:00', 210, 1.00, 4.00,  0.00, 'cerrado', NULL),

-- Hace 3 días
('TK-20260717-001', 'CDE-3456', 'auto', 13,  2, 2, '2026-07-17 06:30:00', '2026-07-17 08:45:00', 135, 1.00, 2.00,  0.00, 'cerrado', NULL),
('TK-20260717-002', 'TUV-1234', 'moto', 26,  3, 3, '2026-07-17 09:00:00', '2026-07-17 12:30:00', 210, 0.50, 2.00,  0.00, 'cerrado', NULL),
('TK-20260717-003', 'LMN-0006', 'auto', 16,  2, 2, '2026-07-17 10:00:00', '2026-07-17 14:00:00', 240, 1.00, 4.00,  0.00, 'cerrado', NULL),
('TK-20260717-004', 'ABC-1234', 'auto',  1,  3, 3, '2026-07-17 13:00:00', '2026-07-17 16:30:00', 210, 1.00, 4.00,  0.00, 'cerrado', NULL),
('TK-20260717-005', 'XYZ-7777', 'auto', 21,  2, 2, '2026-07-17 14:00:00', '2026-07-17 19:00:00', 300, 1.00, 6.00,  0.00, 'cerrado', NULL),

-- Hace 4 días
('TK-20260716-001', 'DEF-5678', 'auto',  3,  2, 2, '2026-07-16 07:15:00', '2026-07-16 10:00:00', 165, 1.00, 3.00,  0.00, 'cerrado', NULL),
('TK-20260716-002', 'XYZ-8888', 'moto', 27,  3, 3, '2026-07-16 08:00:00', '2026-07-16 11:30:00', 210, 0.50, 2.00,  0.00, 'cerrado', NULL),
('TK-20260716-003', 'GHI-9012', 'auto',  5,  2, 2, '2026-07-16 09:30:00', '2026-07-16 17:00:00', 450, 1.00, 7.00,  0.00, 'cerrado', NULL),
('TK-20260716-004', 'JKL-3456', 'auto',  7,  3, 3, '2026-07-16 11:00:00', '2026-07-16 13:30:00', 150, 1.00, 2.00,  0.00, 'cerrado', NULL),

-- Hace 5 días
('TK-20260715-001', 'LMN-0002', 'auto',  8,  2, 2, '2026-07-15 06:00:00', '2026-07-15 08:00:00', 120, 1.00, 2.00,  0.00, 'cerrado', NULL),
('TK-20260715-002', 'PQR-1234', 'auto', 10,  3, 3, '2026-07-15 08:30:00', '2026-07-15 12:00:00', 210, 1.00, 4.00,  0.00, 'cerrado', NULL),
('TK-20260715-003', 'MNO-7890', 'moto', 22,  2, 2, '2026-07-15 10:00:00', '2026-07-15 13:00:00', 180, 0.50, 2.00,  0.00, 'cerrado', NULL),
('TK-20260715-004', 'STU-5678', 'auto', 12,  3, 3, '2026-07-15 12:00:00', '2026-07-15 20:00:00', 480, 1.00, 8.00,  0.00, 'cerrado', 'Día completo'),

-- Hace 6 días
('TK-20260714-001', 'EFG-1234', 'auto', 15,  2, 2, '2026-07-14 07:00:00', '2026-07-14 09:30:00', 150, 1.00, 2.00,  0.00, 'cerrado', NULL),
('TK-20260714-002', 'VWX-9012', 'auto', 11,  3, 3, '2026-07-14 09:00:00', '2026-07-14 14:00:00', 300, 1.00, 5.00,  0.00, 'cerrado', NULL),
('TK-20260714-003', 'BCD-7890', 'auto', 14,  2, 2, '2026-07-14 10:30:00', '2026-07-14 16:00:00', 330, 1.00, 6.00,  0.00, 'cerrado', NULL),

-- Hace 7 días
('TK-20260713-001', 'WXY-5678', 'auto', 17,  2, 2, '2026-07-13 06:30:00', '2026-07-13 08:45:00', 135, 1.00, 2.00,  0.00, 'cerrado', NULL),
('TK-20260713-002', 'LMN-0001', 'auto', 19,  3, 3, '2026-07-13 08:00:00', '2026-07-13 12:00:00', 240, 1.00, 4.00,  0.00, 'cerrado', NULL),
('TK-20260713-003', 'ZAB-9012', 'auto', 20,  2, 2, '2026-07-13 10:00:00', '2026-07-13 15:00:00', 300, 1.00, 5.00,  0.00, 'cerrado', NULL),
('TK-20260713-004', 'XYZ-9999', 'auto',  4,  3, 3, '2026-07-13 11:30:00', '2026-07-13 18:30:00', 420, 1.00, 7.00,  0.00, 'cerrado', NULL),

-- Tickets ACTIVOS (vehículos actualmente estacionados)
('TK-20260720-011', 'LMN-0004', 'auto',   9,  2, NULL, '2026-07-20 08:00:00', NULL, NULL, 1.00, NULL, 0.00, 'activo', 'Llegó temprano'),
('TK-20260720-012', 'LMN-0005', 'VIP',   50,  3, NULL, '2026-07-20 09:15:00', NULL, NULL, 2.00, NULL, 0.00, 'activo', 'Espacio VIP reservado'),
('TK-20260720-013', 'XYZ-7777', 'auto',  21,  2, NULL, '2026-07-20 10:30:00', NULL, NULL, 1.00, NULL, 0.00, 'activo', NULL),
('TK-20260720-014', 'LMN-0006', 'auto',  16,  3, NULL, '2026-07-20 11:45:00', NULL, NULL, 1.00, NULL, 0.00, 'activo', NULL),
('TK-20260720-015', 'XYZ-8888', 'moto',  28,  2, NULL, '2026-07-20 12:30:00', NULL, NULL, 0.50, NULL, 0.00, 'activo', NULL),
('TK-20260720-016', 'LMN-0002', 'auto',   6,  3, NULL, '2026-07-20 13:00:00', NULL, NULL, 1.00, NULL, 0.00, 'activo', NULL),
('TK-20260720-017', 'XYZ-9999', 'auto',  13,  2, NULL, '2026-07-20 14:15:00', NULL, NULL, 1.00, NULL, 0.00, 'activo', NULL);

-- ============================================================
-- PAGOS (correspondientes a tickets cerrados)
-- ============================================================
INSERT INTO pagos (ticket_id, usuario_id, monto, metodo_pago, monto_recibido, cambio, referencia, fecha_pago) VALUES
(1,  2, 2.00,  'efectivo',      5.00,  3.00, NULL,            '2026-07-20 09:30:00'),
(2,  2, 3.00,  'efectivo',      5.00,  2.00, NULL,            '2026-07-20 10:45:00'),
(3,  2, 1.00,  'efectivo',      2.00,  1.00, NULL,            '2026-07-20 11:00:00'),
(4,  3, 5.00,  'tarjeta',       5.00,  0.00, 'TXN-456789',    '2026-07-20 13:20:00'),
(5,  2, 1.00,  'efectivo',      1.00,  0.00, NULL,            '2026-07-20 12:00:00'),
(6,  3, 4.00,  'QR',            4.00,  0.00, 'QR-ABC123',     '2026-07-20 14:45:00'),
(7,  2, 0.50,  'efectivo',      1.00,  0.50, NULL,            '2026-07-20 13:30:00'),
(8,  3, 5.00,  'tarjeta',       5.00,  0.00, 'TXN-789012',    '2026-07-20 17:30:00'),
(9,  2, 2.00,  'efectivo',      2.00,  0.00, NULL,            '2026-07-20 16:15:00'),
(10, 3, 4.00,  'transferencia', 4.00,  0.00, 'TRF-20260720',  '2026-07-20 19:00:00'),
(11, 2, 1.00,  'efectivo',      2.00,  1.00, NULL,            '2026-07-19 08:30:00'),
(12, 3, 5.00,  'tarjeta',       5.00,  0.00, 'TXN-345678',    '2026-07-19 12:00:00'),
(13, 2, 1.00,  'efectivo',      1.00,  0.00, NULL,            '2026-07-19 10:00:00'),
(14, 3, 2.00,  'QR',            2.00,  0.00, 'QR-DEF456',     '2026-07-19 14:30:00'),
(15, 2, 5.00,  'efectivo',      5.00,  0.00, NULL,            '2026-07-19 15:45:00'),
(16, 3, 3.00,  'tarjeta',       3.00,  0.00, 'TXN-901234',    '2026-07-19 16:00:00'),
(17, 2, 4.00,  'efectivo',      5.00,  1.00, NULL,            '2026-07-19 18:00:00'),
(18, 3, 6.00,  'transferencia', 6.00,  0.00, 'TRF-20260719',  '2026-07-19 20:00:00'),
(19, 2, 2.00,  'efectivo',      2.00,  0.00, NULL,            '2026-07-18 09:15:00'),
(20, 3, 1.00,  'efectivo',      2.00,  1.00, NULL,            '2026-07-18 11:00:00'),
(21, 2, 8.00,  'tarjeta',       8.00,  0.00, 'TXN-567890',    '2026-07-18 18:00:00'),
(22, 3, 16.00, 'tarjeta',       16.00, 0.00, 'TXN-112233',    '2026-07-18 17:30:00'),
(23, 2, 4.00,  'QR',            4.00,  0.00, 'QR-GHI789',     '2026-07-18 15:30:00'),
(24, 2, 2.00,  'efectivo',      2.00,  0.00, NULL,            '2026-07-17 08:45:00'),
(25, 3, 2.00,  'efectivo',      5.00,  3.00, NULL,            '2026-07-17 12:30:00'),
(26, 2, 4.00,  'tarjeta',       4.00,  0.00, 'TXN-445566',    '2026-07-17 14:00:00'),
(27, 3, 4.00,  'efectivo',      5.00,  1.00, NULL,            '2026-07-17 16:30:00'),
(28, 2, 6.00,  'transferencia', 6.00,  0.00, 'TRF-20260717',  '2026-07-17 19:00:00'),
(29, 2, 3.00,  'efectivo',      5.00,  2.00, NULL,            '2026-07-16 10:00:00'),
(30, 3, 2.00,  'QR',            2.00,  0.00, 'QR-JKL012',     '2026-07-16 11:30:00'),
(31, 2, 7.00,  'tarjeta',       7.00,  0.00, 'TXN-778899',    '2026-07-16 17:00:00'),
(32, 3, 2.00,  'efectivo',      2.00,  0.00, NULL,            '2026-07-16 13:30:00'),
(33, 2, 2.00,  'efectivo',      2.00,  0.00, NULL,            '2026-07-15 08:00:00'),
(34, 3, 4.00,  'tarjeta',       4.00,  0.00, 'TXN-223344',    '2026-07-15 12:00:00'),
(35, 2, 2.00,  'efectivo',      5.00,  3.00, NULL,            '2026-07-15 13:00:00'),
(36, 3, 8.00,  'transferencia', 8.00,  0.00, 'TRF-20260715',  '2026-07-15 20:00:00'),
(37, 2, 2.00,  'efectivo',      2.00,  0.00, NULL,            '2026-07-14 09:30:00'),
(38, 3, 5.00,  'tarjeta',       5.00,  0.00, 'TXN-667788',    '2026-07-14 14:00:00'),
(39, 2, 6.00,  'QR',            6.00,  0.00, 'QR-MNO345',     '2026-07-14 16:00:00'),
(40, 2, 2.00,  'efectivo',      2.00,  0.00, NULL,            '2026-07-13 08:45:00'),
(41, 3, 4.00,  'tarjeta',       4.00,  0.00, 'TXN-990011',    '2026-07-13 12:00:00'),
(42, 2, 5.00,  'efectivo',      5.00,  0.00, NULL,            '2026-07-13 15:00:00'),
(43, 3, 7.00,  'transferencia', 7.00,  0.00, 'TRF-20260713',  '2026-07-13 18:30:00');

-- ============================================================
-- CIERRES DE CAJA
-- ============================================================
INSERT INTO cierres_caja (usuario_id, fecha_inicio, fecha_cierre, total_vehiculos, total_efectivo, total_tarjeta, total_qr, total_general, observaciones) VALUES
(2, '2026-07-20 06:00:00', '2026-07-20 14:50:00', 9,  10.50, 10.00, 4.00, 24.50, 'Turno mañana - parcial'),
(3, '2026-07-19 06:00:00', '2026-07-19 21:00:00', 8,  14.00, 8.00,  2.00, 24.00, 'Jornada completa'),
(2, '2026-07-18 06:00:00', '2026-07-18 21:00:00', 5,  11.00, 24.00, 4.00, 39.00, 'Día con más ventas VIP'),
(3, '2026-07-17 06:00:00', '2026-07-17 21:00:00', 5,  9.00,  4.00,  0.00, 13.00, 'Turno tranquilo'),
(2, '2026-07-16 06:00:00', '2026-07-16 21:00:00', 4,  5.00,  9.00,  2.00, 16.00, NULL),
(3, '2026-07-15 06:00:00', '2026-07-15 21:00:00', 4,  10.00, 12.00, 0.00, 22.00, NULL),
(2, '2026-07-14 06:00:00', '2026-07-14 21:00:00', 3,  8.00,  5.00,  6.00, 19.00, NULL),
(3, '2026-07-13 06:00:00', '2026-07-13 21:00:00', 4,  7.00,  11.00, 0.00, 18.00, NULL);

-- ============================================================
-- COMBUSTIBLE (Cargas de combustible - 50 registros)
-- ============================================================
INSERT INTO combustible (vehiculo_id, fecha_carga, litros, precio_unitario, costo_total, km_actual, tipo_combustible) VALUES
(1,  '2026-07-01 08:15:00', 15.00, 1.05, 15.75, 12450, 'Gasolina'),
(1,  '2026-07-05 10:30:00', 18.50, 1.08, 19.98, 12780, 'Gasolina'),
(1,  '2026-07-10 14:00:00', 12.00, 1.10, 13.20, 13050, 'Gasolina'),
(1,  '2026-07-15 09:45:00', 20.00, 1.12, 22.40, 13420, 'Gasolina'),
(1,  '2026-07-20 11:20:00', 16.00, 1.15, 18.40, 13780, 'Gasolina'),
(2,  '2026-07-02 07:00:00', 22.00, 1.05, 23.10, 8900, 'Gasolina'),
(2,  '2026-07-08 13:15:00', 20.50, 1.08, 22.14, 9250, 'Gasolina'),
(2,  '2026-07-14 16:30:00', 25.00, 1.10, 27.50, 9680, 'Gasolina'),
(2,  '2026-07-19 08:00:00', 18.00, 1.14, 20.52, 10020, 'Gasolina'),
(3,  '2026-07-01 16:45:00', 10.00, 1.05, 10.50, 32500, 'Gasolina'),
(3,  '2026-07-06 09:30:00', 12.50, 1.07, 13.38, 32850, 'Gasolina'),
(3,  '2026-07-12 11:00:00', 8.00,  1.10, 8.80,  33120, 'Gasolina'),
(3,  '2026-07-18 14:20:00', 15.00, 1.13, 16.95, 33560, 'Gasolina'),
(4,  '2026-07-03 10:00:00', 18.00, 1.05, 18.90, 56700, 'Gasolina'),
(4,  '2026-07-09 15:30:00', 20.00, 1.08, 21.60, 57150, 'Gasolina'),
(4,  '2026-07-16 08:45:00', 16.50, 1.12, 18.48, 57580, 'Gasolina'),
(5,  '2026-07-02 12:00:00', 5.00,  1.05, 5.25,  18200, 'Gasolina'),
(5,  '2026-07-07 14:30:00', 6.00,  1.08, 6.48,  18450, 'Gasolina'),
(5,  '2026-07-13 09:15:00', 4.50,  1.10, 4.95,  18680, 'Gasolina'),
(5,  '2026-07-19 16:00:00', 5.50,  1.14, 6.27,  18950, 'Gasolina'),
(6,  '2026-07-04 07:30:00', 14.00, 1.05, 14.70, 41200, 'Gasolina'),
(6,  '2026-07-10 11:45:00', 16.00, 1.08, 17.28, 41580, 'Gasolina'),
(6,  '2026-07-17 13:00:00', 12.00, 1.12, 13.44, 41900, 'Gasolina'),
(7,  '2026-07-01 06:30:00', 20.00, 1.05, 21.00, 78900, 'Diésel'),
(7,  '2026-07-06 10:00:00', 22.00, 1.07, 23.54, 79350, 'Diésel'),
(7,  '2026-07-12 14:30:00', 18.00, 1.10, 19.80, 79780, 'Diésel'),
(7,  '2026-07-18 09:00:00', 25.00, 1.13, 28.25, 80300, 'Diésel'),
(8,  '2026-07-02 08:15:00', 15.00, 1.05, 15.75, 23100, 'Gasolina'),
(8,  '2026-07-08 12:00:00', 17.50, 1.08, 18.90, 23500, 'Gasolina'),
(8,  '2026-07-15 15:30:00', 14.00, 1.12, 15.68, 23850, 'Gasolina'),
(9,  '2026-07-03 10:30:00', 4.00,  1.05, 4.20,  4500, 'Gasolina'),
(9,  '2026-07-09 14:00:00', 5.00,  1.08, 5.40,  4750, 'Gasolina'),
(9,  '2026-07-16 11:15:00', 4.50,  1.12, 5.04,  5050, 'Gasolina'),
(10, '2026-07-01 09:00:00', 16.00, 1.05, 16.80, 65400, 'Gasolina'),
(10, '2026-07-07 13:45:00', 18.00, 1.08, 19.44, 65850, 'Gasolina'),
(10, '2026-07-14 08:30:00', 14.50, 1.10, 15.95, 66200, 'Gasolina'),
(10, '2026-07-20 10:00:00', 20.00, 1.15, 23.00, 66750, 'Gasolina'),
(13, '2026-07-04 11:00:00', 18.00, 1.05, 18.90, 52300, 'Gasolina'),
(13, '2026-07-11 15:00:00', 15.50, 1.08, 16.74, 52700, 'Gasolina'),
(13, '2026-07-18 09:30:00', 20.00, 1.13, 22.60, 53200, 'Gasolina'),
(15, '2026-07-05 07:15:00', 14.00, 1.05, 14.70, 34500, 'Gasolina'),
(15, '2026-07-12 10:30:00', 16.00, 1.10, 17.60, 34900, 'Gasolina'),
(15, '2026-07-19 14:00:00', 12.00, 1.14, 13.68, 35200, 'Gasolina'),
(17, '2026-07-06 08:00:00', 15.00, 1.07, 16.05, 28700, 'Gasolina'),
(17, '2026-07-13 12:00:00', 18.00, 1.10, 19.80, 29150, 'Gasolina'),
(17, '2026-07-20 15:30:00', 14.00, 1.15, 16.10, 29500, 'Gasolina'),
(23, '2026-07-08 06:30:00', 22.00, 1.05, 23.10, 125600, 'Gasolina'),
(23, '2026-07-15 11:00:00', 20.00, 1.10, 22.00, 126100, 'Gasolina'),
(23, '2026-07-20 16:45:00', 18.00, 1.15, 20.70, 126500, 'Gasolina'),
(26, '2026-07-10 09:00:00', 5.00,  1.08, 5.40,  8900, 'Gasolina');

-- ============================================================
-- MANTENIMIENTO (20 registros)
-- ============================================================
INSERT INTO mantenimiento (vehiculo_id, fecha, tipo_servicio, descripcion, km_actual, costo, proveedor) VALUES
(1,  '2026-07-02 10:00:00', 'Preventivo', 'Cambio de aceite y filtros', 12450, 85.00, 'Taller Automotriz Rápido'),
(1,  '2026-07-15 14:30:00', 'Correctivo', 'Reemplazo de frenos delanteros', 13420, 220.00, 'Frenos Total'),
(2,  '2026-07-05 09:00:00', 'Preventivo', 'Alineación y balanceo', 8950, 45.00, 'Neumáticos Seguros'),
(2,  '2026-07-14 11:00:00', 'Correctivo', 'Cambio de bujías y cables', 9680, 120.00, 'Auto Servicio Central'),
(3,  '2026-07-08 15:00:00', 'Preventivo', 'Revisión general 30,000 km', 33000, 150.00, 'Taller Automotriz Rápido'),
(3,  '2026-07-18 08:00:00', 'Preventivo', 'Cambio de aceite y filtro de aire', 33560, 95.00, 'Taller Automotriz Rápido'),
(4,  '2026-07-09 10:30:00', 'Correctivo', 'Reparación de sistema de escape', 57150, 185.00, 'Mecánica General Pérez'),
(5,  '2026-07-10 14:00:00', 'Preventivo', 'Cambio de aceite moto', 18450, 35.00, 'Moto Taller Express'),
(6,  '2026-07-12 09:00:00', 'Correctivo', 'Cambio de batería', 41650, 95.00, 'Auto Eléctrico'),
(7,  '2026-07-06 11:30:00', 'Preventivo', 'Mantenimiento 80,000 km', 79350, 380.00, 'Concesionario Nissan'),
(7,  '2026-07-18 16:00:00', 'Correctivo', 'Reemplazo de radiador', 80300, 450.00, 'Concesionario Nissan'),
(8,  '2026-07-08 07:30:00', 'Preventivo', 'Cambio de aceite y filtros', 23500, 78.00, 'Taller Automotriz Rápido'),
(10, '2026-07-07 10:00:00', 'Preventivo', 'Revisión de frenos', 65850, 65.00, 'Frenos Total'),
(10, '2026-07-14 13:30:00', 'Correctivo', 'Cambio de bomba de agua', 66200, 320.00, 'Mecánica General Pérez'),
(13, '2026-07-11 08:00:00', 'Preventivo', 'Alineación y balanceo', 52700, 45.00, 'Neumáticos Seguros'),
(15, '2026-07-12 15:00:00', 'Preventivo', 'Cambio de aceite y filtro', 34900, 82.00, 'Taller Automotriz Rápido'),
(17, '2026-07-13 10:30:00', 'Correctivo', 'Reparación de aire acondicionado', 29150, 280.00, 'Auto Clima'),
(23, '2026-07-08 14:00:00', 'Preventivo', 'Mantenimiento 125,000 km', 125600, 420.00, 'Concesionario Toyota'),
(23, '2026-07-20 09:00:00', 'Preventivo', 'Cambio de aceite y filtros', 126500, 95.00, 'Taller Automotriz Rápido'),
(26, '2026-07-10 11:00:00', 'Correctivo', 'Reparación de carburador', 8900, 150.00, 'Motos Jiménez');

-- ============================================================
-- UBICACIONES (GPS - últimas ubicaciones de vehículos)
-- ============================================================
INSERT INTO ubicaciones (vehiculo_id, latitud, longitud, timestamp) VALUES
(1,  -0.180653, -78.467834, '2026-07-20 11:20:00'),
(2,  -0.190234, -78.475123, '2026-07-20 08:00:00'),
(3,  -0.175678, -78.458901, '2026-07-20 14:20:00'),
(4,  -0.185432, -78.482345, '2026-07-20 16:45:00'),
(5,  -0.195678, -78.490123, '2026-07-19 16:00:00'),
(6,  -0.170123, -78.445678, '2026-07-20 13:00:00'),
(7,  -0.188901, -78.478901, '2026-07-20 09:00:00'),
(8,  -0.182345, -78.465432, '2026-07-20 15:30:00'),
(9,  -0.176789, -78.452567, '2026-07-19 14:00:00'),
(10, -0.192345, -78.485678, '2026-07-20 10:00:00'),
(13, -0.178901, -78.460123, '2026-07-20 09:30:00'),
(15, -0.186789, -78.472345, '2026-07-19 14:00:00'),
(17, -0.183456, -78.468901, '2026-07-20 15:30:00'),
(23, -0.190567, -78.480234, '2026-07-20 16:45:00'),
(26, -0.177890, -78.455678, '2026-07-20 11:00:00');

-- ============================================================
-- KILOMETRAJE MANUAL (para vehículos sin carga de combustible)
-- ============================================================
INSERT INTO kilometraje_manual (vehiculo_id, km_actual, fecha_registro, observaciones) VALUES
(1,  12200, '2026-06-28 08:00:00', 'Inicio de mes'),
(2,  8800,  '2026-06-28 08:00:00', 'Inicio de mes'),
(3,  32000, '2026-06-28 08:00:00', 'Inicio de mes'),
(7,  78500, '2026-06-28 08:00:00', 'Lectura mensual'),
(10, 65000, '2026-06-28 08:00:00', 'Inicio de mes'),
(23, 125300, '2026-06-30 08:00:00', 'Fin de mes anterior'),
(1,  13800, '2026-07-20 11:30:00', 'Corte semanal'),
(7,  80350, '2026-07-20 09:00:00', 'Corte semanal');

-- ============================================================
-- Actualizaciones adicionales
-- ============================================================
UPDATE espacios SET estado = 'ocupado' WHERE id IN (6, 9, 13, 16, 21, 28, 50);
UPDATE espacios SET estado = 'mantenimiento' WHERE id IN (30, 31);
